{"cameraMode":{"drawMode":0,"name":"Shaded","section":"Shading Mode"},"sceneLighting":false,"audioPlay":false,"sceneViewState":{"showFog":true,"showMaterialUpdate":true,"showSkybox":true,"showFlares":true,"showImageEffects":true,"showParticleSystems":true},"in2DMode":false,"pivot":{"x":-10.720067024230957,"y":11.244075775146485,"z":22.495439529418947},"rotation":{"x":-0.010572819970548153,"y":0.7351551651954651,"z":-0.011076881550252438,"w":-0.6778581738471985},"size":95.43260955810547,"orthographic":false}