{"cameraMode":{"drawMode":0,"name":"Shaded","section":"Shading Mode"},"sceneLighting":false,"audioPlay":false,"sceneViewState":{"showFog":true,"showMaterialUpdate":true,"showSkybox":true,"showFlares":true,"showImageEffects":true,"showParticleSystems":true},"in2DMode":false,"pivot":{"x":-10.359020233154297,"y":-2.2866973876953127,"z":2.504322052001953},"rotation":{"x":0.03370099887251854,"y":0.9390441179275513,"z":-0.3282804489135742,"w":0.09640166908502579},"size":194.62779235839845,"orthographic":false}