{"cameraMode":{"drawMode":0,"name":"Shaded","section":"Shading Mode"},"sceneLighting":false,"audioPlay":false,"sceneViewState":{"showFog":true,"showMaterialUpdate":true,"showSkybox":true,"showFlares":true,"showImageEffects":true,"showParticleSystems":true},"in2DMode":false,"pivot":{"x":-10.720067024230957,"y":11.244075775146485,"z":22.495439529418947},"rotation":{"x":0.026484403759241105,"y":0.11462963372468949,"z":0.0033122363965958359,"w":-0.9931387901306152},"size":142.5340118408203,"orthographic":false}