{"cameraMode":{"drawMode":0,"name":"Shaded","section":"Shading Mode"},"sceneLighting":false,"audioPlay":false,"sceneViewState":{"showFog":false,"showMaterialUpdate":false,"showSkybox":false,"showFlares":false,"showImageEffects":false,"showParticleSystems":false},"in2DMode":false,"pivot":{"x":161.92774963378907,"y":147.14463806152345,"z":172.92945861816407},"rotation":{"x":-0.2165776789188385,"y":0.6571958065032959,"z":-0.20568034052848817,"w":-0.6920151114463806},"size":0.22859233617782594,"orthographic":false}